"Symbol","Description","Category2","Category3","GICS Sector","Market cap","Dividend yield","Price to TTM earnings","Price to TTM sales","Price to book value","Action"
"AAPL","Apple Inc","Common stocks","Large cap","Information Technology","$2,815,919,544,550","0.51%","27.41","7.44","38.31","Analyze"
"MSFT","Microsoft Corp","Common stocks","Large cap","Information Technology","$2,245,311,495,186","0.79%","30.62","12.14","13.62","Analyze"
"GOOG","Alphabet Inc Class C","Common stocks","Large cap","Communication Services","$1,856,551,479,248","0.00%","10.99","7.21","3.32","Analyze"
"GOOGL","Alphabet Inc Class A","Common stocks","Large cap","Communication Services","$1,856,551,479,248","0.00%","10.49","7.21","3.17","Analyze"
"AMZN","Amazon.Com Inc.","Common stocks","Large cap","Consumer Discretionary","$1,608,971,112,864","0.00%","47.17","3.42","11.38","Analyze"
"TSLA","Tesla Inc","Common stocks","Large cap","Consumer Discretionary","$927,328,121,688","0.00%","159.47","17.23","29.15","Analyze"
"BRK.B","Berkshire Hathaway Inc. Class B","Common stocks","Large cap","Financials","$705,568,287,037","0.00%","4.75","2.04","0.87","Analyze"
"NVDA","Nvidia Corp","Common stocks","Large cap","Information Technology","$662,775,000,000","0.06%","90.77","0.00","23.02","Analyze"
"FB","Facebook Inc Class A","Common stocks","Large cap","Communication Services","$618,005,187,717","0.00%","12.18","5.24","3.84","Analyze"
"V","Visa Inc Class A","Common stocks","Large cap","Information Technology","$504,319,280,000","0.61%","28.63","19.80","10.29","Analyze"
"JPM","JP Morgan Chase & Co","Common stocks","Large cap","Financials","$458,066,239,455","2.43%","9.62","3.76","1.52","Analyze"
"UNH","Unitedhealth Group Inc","Common stocks","Large cap","Health Care","$451,678,635,037","1.16%","25.60","1.58","5.90","Analyze"
"JNJ","Johnson & Johnson","Common stocks","Large cap","Health Care","$440,196,539,186","2.48%","20.96","4.69","5.91","Analyze"
"BAC","Bank of America Corp","Common stocks","Large cap","Financials","$390,217,126,646","1.62%","12.34","4.38","1.40","Analyze"
"PG","Procter & Gamble","Common stocks","Large cap","Consumer Staples","$382,375,954,880","2.18%","26.65","4.88","8.67","Analyze"
"MA","Mastercard Inc Class A","Common stocks","Large cap","Information Technology","$371,338,500,203","0.47%","41.72","19.66","49.08","Analyze"
"WMT","Walmart Stores Inc","Common stocks","Large cap","Consumer Staples","$370,395,990,497","1.64%","38.10","0.00","4.19","Analyze"
"HD","Home Depot Inc","Common stocks","Large cap","Consumer Discretionary","$365,577,693,476","1.87%","20.31","2.35","351.05","Analyze"
"XOM","Exxon Mobil Corp","Common stocks","Large cap","Energy","$331,699,961,836","4.39%","14.37","1.18","2.06","Analyze"
"DIS","Walt Disney","Common stocks","Large cap","Communication Services","$284,656,033,341","0.00%","90.35","3.90","2.95","Analyze"
"PFE","Pfizer Inc","Common stocks","Large cap","Health Care","$278,847,212,589","3.12%","12.49","3.42","3.63","Analyze"
"KO","Coca-Cola","Common stocks","Large cap","Consumer Staples","$263,052,692,372","2.73%","27.46","6.81","10.79","Analyze"
"CVX","Chevron Corp","Common stocks","Large cap","Energy","$258,888,218,922","3.98%","16.48","1.66","1.85","Analyze"
"ABBV","Abbvie Inc","Common stocks","Large cap","Health Care","$257,777,894,853","3.58%","22.20","4.59","18.91","Analyze"
"AVGO","Broadcom Inc.","Common stocks","Large cap","Information Technology","$246,572,462,429","3.07%","37.14","8.98","9.57","Analyze"
"WFC","Wells Fargo","Common stocks","Large cap","Financials","$238,746,707,226","1.28%","15.48","4.18","1.23","Analyze"
"LLY","Eli Lilly","Common stocks","Large cap","Health Care","$234,919,959,873","1.43%","41.30","8.30","29.72","Analyze"
"NKE","Nike Inc Class B","Common stocks","Large cap","Consumer Discretionary","$229,964,399,044","0.77%","36.60","4.97","15.13","Analyze"
"PEP","Pepsico Inc","Common stocks","Large cap","Consumer Staples","$229,935,184,421","2.53%","30.26","2.89","14.28","Analyze"
"CSCO","Cisco Systems Inc","Common stocks","Large cap","Information Technology","$228,805,155,609","2.70%","26.57","0.00","5.96","Analyze"
"COST","Costco Wholesale Corp","Common stocks","Large cap","Consumer Staples","$227,214,805,826","0.62%","44.22","1.15","13.00","Analyze"
"ADBE","Adobe Inc","Common stocks","Large cap","Information Technology","$225,640,507,755","0.00%","44.84","14.29","14.61","Analyze"
"VZ","Verizon Communications Inc","Common stocks","Large cap","Communication Services","$224,163,783,551","5.86%","10.19","1.68","2.75","Analyze"
"ACN","Accenture Plc Class A","Common stocks","Large cap","Information Technology","$219,698,815,008","1.10%","34.30","4.09","10.15","Analyze"
"ABT","Abbott Laboratories","Common stocks","Large cap","Health Care","$218,701,732,326","1.46%","30.15","5.08","6.19","Analyze"
"CMCSA","Comcast A Corp","Common stocks","Large cap","Communication Services","$217,548,866,336","2.07%","14.94","1.87","2.20","Analyze"
"TMO","Thermo Fisher Scientific Inc","Common stocks","Large cap","Health Care","$216,864,364,680","0.19%","27.57","5.53","5.21","Analyze"
"ORCL","Oracle Corp","Common stocks","Large cap","Information Technology","$211,472,697,930","1.61%","19.65","5.11","-19.97","Analyze"
"CRM","Salesforce.Com Inc","Common stocks","Large cap","Information Technology","$208,563,900,000","0.00%","113.30","8.35","3.45","Analyze"
"INTC","Intel Corporation Corp","Common stocks","Large cap","Information Technology","$196,392,560,000","2.89%","9.75","2.49","2.03","Analyze"
"MRK","Merck & Co Inc","Common stocks","Large cap","Health Care","$195,053,390,738","3.37%","14.78","3.89","5.39","Analyze"
"QCOM","Qualcomm Inc","Common stocks","Large cap","Information Technology","$194,189,072,596","1.57%","18.79","5.39","16.56","Analyze"
"DHR","Danaher Corp","Common stocks","Large cap","Health Care","$191,285,081,795","0.31%","30.69","6.49","4.26","Analyze"
"MCD","Mcdonalds Corp","Common stocks","Large cap","Consumer Discretionary","$189,120,345,119","2.06%","24.85","8.14","-40.75","Analyze"
"UPS","United Parcel Service Inc Class B","Common stocks","Large cap","Industrials","$186,113,964,000","1.88%","11.92","1.91","10.78","Analyze"
"MS","Morgan Stanley","Common stocks","Large cap","Financials","$181,504,769,147","2.40%","11.84","3.22","1.63","Analyze"
"NFLX","Netflix Inc","Common stocks","Large cap","Communication Services","$175,869,756,785","0.00%","33.39","5.92","10.78","Analyze"
"PM","Philip Morris International Inc","Common stocks","Large cap","Consumer Staples","$172,914,289,543","4.35%","19.08","5.51","-21.13","Analyze"
"T","AT&T Inc.","Common stocks","Large cap","Communication Services","$170,931,600,000","8.48%","8.54","1.01","1.02","Analyze"
"SCHW","Charles Schwab Corporation","Common stocks","Large cap","Financials","$167,858,210,683","0.83%","29.07","9.06","2.71","Analyze"
"UNP","Union Pacific Corp","Common stocks","Large cap","Industrials","$161,651,324,276","1.68%","24.51","7.41","11.29","Analyze"
"TMUS","T Mobile US Inc","Common stocks","Large cap","Communication Services","$159,234,497,537","0.00%","51.45","1.99","2.25","Analyze"
"LIN","Linde Plc","Common stocks","Large cap","Materials","$155,729,503,920","1.39%","40.05","5.06","3.37","Analyze"
"TXN","Texas Instrument Inc","Common stocks","Large cap","Information Technology","$155,377,557,711","2.56%","19.61","8.47","11.40","Analyze"
"LOW","Lowes Companies Inc","Common stocks","Large cap","Consumer Discretionary","$152,947,349,375","1.32%","18.43","1.61","-95.67","Analyze"
"AXP","American Express","Common stocks","Large cap","Financials","$150,640,843,710","0.87%","18.70","3.53","6.76","Analyze"
"NEE","Nextera Energy Inc","Common stocks","Large cap","Utilities","$147,380,832,489","2.04%","41.40","8.63","3.98","Analyze"
"BMY","Bristol Myers Squibb","Common stocks","Large cap","Health Care","$147,348,586,632","2.94%","21.00","3.18","4.08","Analyze"
"INTU","Intuit Inc","Common stocks","Large cap","Information Technology","$144,736,862,525","0.48%","67.16","14.03","14.44","Analyze"
"RTX","Raytheon Technologies Corporation","Common stocks","Large cap","Industrials","$141,819,691,055","2.10%","36.55","2.20","1.93","Analyze"
"AMD","Advanced Micro Devices Inc","Common stocks","Large cap","Information Technology","$141,146,019,735","0.00%","42.62","8.59","17.98","Analyze"
"MDT","Medtronic Plc","Common stocks","Large cap","Health Care","$138,691,135,420","2.37%","29.07","4.36","2.63","Analyze"
"CVS","CVS Health Corp","Common stocks","Large cap","Health Care","$136,422,333,678","1.96%","16.97","0.47","1.78","Analyze"
"C","Citigroup Inc","Common stocks","Large cap","Financials","$135,693,268,002","3.01%","6.32","1.89","0.65","Analyze"
"HON","Honeywell International Inc","Common stocks","Large cap","Industrials","$129,660,896,845","0.97%","22.84","3.77","6.58","Analyze"
"PYPL","Paypal Holdings Inc","Common stocks","Large cap","Information Technology","$128,779,643,083","0.00%","29.40","5.08","5.64","Analyze"
"BA","Boeing","Common stocks","Large cap","Industrials","$127,636,138,551","0.00%","-29.63","2.05","-8.30","Analyze"
"AMGN","Amgen Inc","Common stocks","Large cap","Health Care","$125,416,785,739","3.20%","21.19","4.83","18.64","Analyze"
"AMAT","Applied Material Inc","Common stocks","Large cap","Information Technology","$125,171,412,510","0.84%","25.47","0.00","10.19","Analyze"
"GS","Goldman Sachs Group Inc","Common stocks","Large cap","Financials","$120,542,212,449","1.79%","5.53","2.07","1.06","Analyze"
"DE","Deere & Company","Common stocks","Large cap","Industrials","$120,369,260,581","1.00%","19.66","2.76","6.36","Analyze"
"BLK","Blackrock Inc","Common stocks","Large cap","Financials","$119,014,954,805","2.09%","19.63","6.14","3.15","Analyze"
"COP","ConocoPhillips","Common stocks","Large cap","Energy","$118,982,196,872","1.95%","14.88","2.60","2.65","Analyze"
"NOW","Servicenow Inc","Common stocks","Large cap","Information Technology","$118,178,000,000","0.00%","491.96","20.05","30.62","Analyze"
"IBM","International Business Machines Co","Common stocks","Large cap","Information Technology","$115,786,627,030","4.99%","19.51","1.64","5.90","Analyze"
"EL","Estee Lauder Inc Class A","Common stocks","Large cap","Consumer Staples","$111,610,003,019","0.71%","21.73","6.29","11.37","Analyze"
"GE","General Electric","Common stocks","Large cap","Industrials","$111,482,232,054","0.32%","-16.01","1.50","2.69","Analyze"
"ANTM","Anthem Inc","Common stocks","Large cap","Health Care","$111,304,096,120","0.98%","17.95","0.80","3.04","Analyze"
"BKNG","Booking Holdings Inc","Common stocks","Large cap","Consumer Discretionary","$111,005,276,461","0.00%","282.06","12.05","19.43","Analyze"
"CAT","Caterpillar Inc","Common stocks","Large cap","Industrials","$110,157,347,424","2.12%","16.23","2.16","6.39","Analyze"
"SBUX","Starbucks Corp","Common stocks","Large cap","Consumer Discretionary","$109,485,554,000","1.96%","24.36","3.61","-12.66","Analyze"
"CHTR","Charter Communications Inc Class A","Common stocks","Large cap","Communication Services","$109,270,737,351","0.00%","23.03","2.11","7.63","Analyze"
"MU","Micron Technology Inc","Common stocks","Large cap","Information Technology","$107,565,789,187","0.21%","14.25","3.63","2.29","Analyze"
"PLD","Prologis, Inc","REITs","Large cap","Real Estate","$106,841,200,000","1.73%","36.14","22.45","2.81","Analyze"
"AMT","American Tower Corporation","REITs","Large cap","Real Estate","$105,806,264,224","2.23%","42.00","11.71","19.25","Analyze"
"LMT","Lockheed Martin Corp","Common stocks","Large cap","Industrials","$105,363,287,283","2.71%","16.77","1.57","9.66","Analyze"
"ISRG","Intuitive Surgical Inc","Common stocks","Large cap","Health Care","$104,005,939,712","0.00%","48.36","18.21","8.53","Analyze"
"TGT","Target Corp","Common stocks","Large cap","Consumer Discretionary","$99,566,741,400","1.62%","14.41","0.96","7.08","Analyze"
"SYK","Stryker Corp","Common stocks","Large cap","Health Care","$98,006,825,039","0.99%","47.63","5.73","6.38","Analyze"
"SPGI","S&P Global Inc","Common stocks","Large cap","Financials","$93,158,550,000","0.99%","30.40","11.23","43.64","Analyze"
"MO","Altria Group Inc","Common stocks","Large cap","Consumer Staples","$92,970,004,281","6.87%","38.17","4.40","-58.76","Analyze"
"ZTS","Zoetis Inc","Common stocks","Large cap","Health Care","$92,076,740,452","0.55%","44.73","11.84","20.05","Analyze"
"MDLZ","Mondelez International Inc","Common stocks","Large cap","Consumer Staples","$91,663,618,794","2.01%","21.43","3.19","3.26","Analyze"
"CB","Chubb Ltd","Common stocks","Large cap","Financials","$88,263,195,685","1.54%","10.27","2.15","1.47","Analyze"
"PNC","PNC Financial Services Group, Inc.","Common stocks","Large cap","Financials","$88,158,645,932","2.33%","15.69","4.61","1.53","Analyze"
"MMM","3M","Common stocks","Large cap","Industrials","$88,029,354,000","2.83%","14.34","2.49","5.62","Analyze"
"USB","US Bancorp","Common stocks","Large cap","Financials","$86,891,943,989","2.97%","11.14","3.82","1.54","Analyze"
"TFC","Truist Financial Corporation","Common stocks","Large cap","Financials","$86,380,830,647","2.89%","13.84","3.88","1.21","Analyze"
"CME","CME Group Inc Class A","Common stocks","Large cap","Financials","$85,866,932,697","1.50%","32.71","18.31","3.13","Analyze"
"ADP","Automatic Data Processing Inc","Common stocks","Large cap","Information Technology","$85,790,044,924","1.86%","30.69","5.54","16.68","Analyze"
"LRCX","Lam Research Corp","Common stocks","Large cap","Information Technology","$82,510,149,580","0.94%","17.64","4.99","12.51","Analyze"
"TJX","TJX Companies, Inc.","Common stocks","Large cap","Consumer Discretionary","$80,042,140,237","1.54%","41.30","1.75","12.06","Analyze"
"HCA","HCA Healthcare, Inc.","Common stocks","Large cap","Health Care","$78,374,635,372","0.76%","11.21","1.33","-83.61","Analyze"
"CSX","CSX Corp","Common stocks","Large cap","Industrials","$78,006,476,565","1.06%","20.59","6.23","5.77","Analyze"
"MMC","Marsh & McLennan Inc","Common stocks","Large cap","Financials","$77,723,592,796","1.34%","24.28","3.92","6.80","Analyze"
"GILD","Gilead Sciences Inc","Common stocks","Large cap","Health Care","$77,646,340,012","4.52%","12.35","2.84","3.65","Analyze"
"BDX","Becton Dickinson","Common stocks","Large cap","Health Care","$77,209,982,107","1.23%","45.22","3.87","3.14","Analyze"
"CI","Cigna Corp","Common stocks","Large cap","Health Care","$75,896,960,475","1.74%","8.98","0.45","1.59","Analyze"
"DUK","Duke Energy Corp","Common stocks","Large cap","Utilities","$75,798,986,843","2.92%","19.86","3.02","1.49","Analyze"
"GM","General Motors","Common stocks","Large cap","Consumer Discretionary","$73,275,866,025","0.00%","7.21","0.58","1.19","Analyze"
"SHW","Sherwin Williams","Common stocks","Large cap","Materials","$71,482,548,915","0.80%","37.58","3.58","28.75","Analyze"
"CCI","Crown Castle International Corp.","REITs","Large cap","Real Estate","$71,170,908,848","3.28%","64.42","11.23","8.55","Analyze"
"F","Ford Motor Company","Common stocks","Large cap","Consumer Discretionary","$70,840,452,523","1.11%","3.85","0.52","1.42","Analyze"
"ICE","Intercontinental Exchange Inc","Common stocks","Large cap","Financials","$70,636,072,413","1.05%","17.06","7.70","3.05","Analyze"
"NSC","Norfolk Southern Corp","Common stocks","Large cap","Industrials","$70,292,886,386","1.58%","21.80","6.31","4.80","Analyze"
"EW","Edwards Lifesciences Corp","Common stocks","Large cap","Health Care","$69,088,855,327","0.00%","44.39","13.21","11.44","Analyze"
"ITW","Illinois Tool Inc","Common stocks","Large cap","Industrials","$68,868,960,735","2.13%","25.22","4.76","18.75","Analyze"
"SO","Southern Co","Common stocks","Large cap","Utilities","$68,749,481,004","3.02%","26.33","0.00","2.13","Analyze"
"COF","Capital One Financial Corp","Common stocks","Large cap","Financials","$67,614,320,134","1.38%","5.49","2.23","1.08","Analyze"
"REGN","Regeneron Pharmaceuticals Inc","Common stocks","Large cap","Health Care","$66,698,580,812","0.00%","8.20","4.15","3.53","Analyze"
"CL","Colgate-Palmolive","Common stocks","Large cap","Consumer Staples","$66,028,766,453","2.28%","30.80","3.79","109.54","Analyze"
"EOG","EOG Resources Inc","Common stocks","Large cap","Energy","$65,395,507,176","1.74%","21.84","3.93","3.03","Analyze"
"FCX","Freeport-McMoRan, Inc.","Common stocks","Large cap","Materials","$64,374,061,684","0.68%","14.60","2.82","4.50","Analyze"
"FISV","Fiserv Inc","Common stocks","Large cap","Information Technology","$63,917,052,950","0.00%","46.69","3.94","2.01","Analyze"
"D","Dominion Energy Inc","Common stocks","Large cap","Utilities","$63,603,697,779","3.16%","19.57","4.55","2.38","Analyze"
"ATVI","Activision Blizzard Inc","Common stocks","Large cap","Communication Services","$63,448,264,053","0.58%","23.38","7.21","3.58","Analyze"
"BSX","Boston Scientific Corp","Common stocks","Large cap","Health Care","$62,970,417,559","0.00%","62.02","5.30","3.71","Analyze"
"AON","Aon Plc","Common stocks","Large cap","Financials","$62,805,752,330","0.71%","49.34","5.15","58.36","Analyze"
"ETN","Eaton Corporation, PLC","Common stocks","Large cap","Industrials","$62,592,158,000","1.92%","28.33","3.19","3.70","Analyze"
"PGR","Progressive Corp","Common stocks","Large cap","Financials","$62,063,550,825","1.79%","18.52","1.30","3.38","Analyze"
"PSA","Public Storage","REITs","Large cap","Real Estate","$61,675,705,843","2.25%","39.64","18.97","6.73","Analyze"
"MRNA","Moderna, Inc.","Common stocks","Large cap","Health Care","$61,551,292,694","0.00%","8.40","5.20","5.86","Analyze"
"MCO","Moodys Corp","Common stocks","Large cap","Financials","$61,462,258,000","0.75%","27.13","9.88","20.60","Analyze"
"NOC","Northrop Grumman Corp","Common stocks","Large cap","Industrials","$61,451,087,338","1.56%","8.87","1.72","4.81","Analyze"
"FIS","Fidelity National Information Services","Common stocks","Large cap","Information Technology","$61,155,559,079","1.55%","142.48","4.41","1.25","Analyze"
"FDX","FedEx Corporation","Common stocks","Large cap","Industrials","$60,680,629,011","1.26%","12.11","0.68","2.38","Analyze"
"EQIX","Equinix, Inc.","REITs","Large cap","Real Estate","$60,649,951,496","1.70%","165.22","0.00","5.72","Analyze"
"MET","Metlife Inc","Common stocks","Large cap","Financials","$60,168,188,605","2.65%","9.24","0.90","0.87","Analyze"
"VRTX","Vertex Pharmaceuticals Inc","Common stocks","Large cap","Health Care","$60,021,546,437","0.00%","25.30","7.92","5.87","Analyze"
"MAR","Marriott International Inc","Common stocks","Large cap","Consumer Discretionary","$59,799,774,202","0.00%","52.90","6.16","41.12","Analyze"
"GD","General Dynamics Corp","Common stocks","Large cap","Industrials","$59,541,221,104","2.20%","18.28","1.55","3.38","Analyze"
"WM","Waste Management Inc","Common stocks","Large cap","Industrials","$59,107,628,385","1.60%","32.66","3.30","8.32","Analyze"
"SLB","Schlumberger Nv","Common stocks","Large cap","Energy","$58,475,752,510","1.19%","30.66","2.55","3.84","Analyze"
"KLAC","KLA-Tencor Corporation","Common stocks","Large cap","Information Technology","$58,123,372,028","1.28%","18.47","7.12","13.63","Analyze"
"EMR","Emerson Electric","Common stocks","Large cap","Industrials","$57,033,063,000","2.11%","20.13","3.07","5.41","Analyze"
"HUM","Humana Inc","Common stocks","Large cap","Health Care","$55,111,647,952","0.65%","18.61","0.66","3.39","Analyze"
"APD","Air Products And Chemicals Inc","Common stocks","Large cap","Materials","$54,396,143,727","2.43%","24.50","4.97","3.86","Analyze"
"PXD","Pioneer Natural Resource","Common stocks","Large cap","Energy","$54,314,865,798","1.43%","42.43","3.80","2.42","Analyze"
"NXPI","NXP Semiconductors Nv","Common stocks","Large cap","Information Technology","$53,096,232,495","1.12%","26.67","4.80","7.64","Analyze"
"ECL","Ecolab Inc","Common stocks","Large cap","Materials","$52,387,369,393","1.06%","45.27","4.21","7.37","Analyze"
"FTNT","Fortinet Inc","Common stocks","Large cap","Information Technology","$52,378,792,724","0.00%","83.67","15.67","63.63","Analyze"
"ILMN","Illumina Inc","Common stocks","Large cap","Health Care","$52,182,318,000","0.00%","65.28","11.53","4.63","Analyze"
"BK","Bank Of New York Mellon Corp","Common stocks","Large cap","Financials","$51,613,816,438","2.11%","13.34","3.30","1.09","Analyze"
"ADSK","Autodesk Inc","Common stocks","Large cap","Information Technology","$51,416,586,490","0.00%","37.25","12.20","38.39","Analyze"
"NEM","Newmont Corporation","Common stocks","Large cap","Materials","$51,259,141,341","3.38%","26.54","4.20","2.38","Analyze"
"AIG","American International Group Inc","Common stocks","Large cap","Financials","$50,100,157,667","2.10%","9.17","1.05","0.79","Analyze"
"CNC","Centene Corp","Common stocks","Large cap","Health Care","$49,142,616,933","0.00%","9.99","0.39","1.79","Analyze"
"TEL","TE Connectivity Ltd","Common stocks","Large cap","Information Technology","$48,699,005,100","1.32%","19.25","3.20","4.27","Analyze"
"XLNX","Xilinx Inc","Common stocks","Large cap","Information Technology","$48,414,617,600","0.76%","52.12","13.17","13.18","Analyze"
"MPC","Marathon Petroleum Corp","Common stocks","Large cap","Energy","$48,052,774,379","2.94%","4.87","0.40","1.68","Analyze"
"JCI","Johnson Controls International Plc","Common stocks","Large cap","Industrials","$47,431,955,667","1.70%","29.52","1.96","2.68","Analyze"
"SPG","Simon Property Group, Inc","REITs","Large cap","Real Estate","$47,274,001,909","4.01%","21.02","9.24","12.25","Analyze"
"SNPS","Synopsys Inc","Common stocks","Large cap","Information Technology","$47,073,347,101","0.00%","75.62","0.00","8.35","Analyze"
"ROP","Roper Technologies Inc","Common stocks","Large cap","Industrials","$46,913,610,580","0.52%","40.08","7.70","4.00","Analyze"
"CTSH","Cognizant Technology Solutions","Common stocks","Large cap","Information Technology","$46,826,192,086","0.80%","21.12","2.53","3.76","Analyze"
"INFO","IHS Markit Ltd","Common stocks","Large cap","Industrials","$46,113,549,350","0.18%","35.68","9.90","4.54","Analyze"
"APH","Amphenol Corp","Common stocks","Large cap","Information Technology","$46,088,415,532","0.82%","28.42","4.24","7.11","Analyze"
"DG","Dollar General Corp","Common stocks","Large cap","Consumer Discretionary","$45,727,278,564","0.85%","18.68","1.35","7.38","Analyze"
"ORLY","Oreilly Automotive Inc","Common stocks","Large cap","Consumer Discretionary","$45,712,198,982","0.00%","21.01","3.43","-684.65","Analyze"
"DOW","Dow Inc.","Common stocks","Large cap","Materials","$45,675,185,741","4.43%","7.12","0.83","2.48","Analyze"
"KHC","Kraft Heinz","Common stocks","Large cap","Consumer Staples","$44,824,434,922","4.30%","36.45","0.00","0.94","Analyze"
"PRU","Prudential Financial Inc","Common stocks","Large cap","Financials","$44,664,480,000","3.87%","5.62","0.65","0.70","Analyze"
"IQV","IQVIA Holdings, Inc.","Common stocks","Large cap","Health Care","$44,355,551,342","0.00%","44.77","3.20","7.16","Analyze"
"ADI","Analog Devices Inc","Common stocks","Large cap","Information Technology","$44,253,750,313","1.63%","42.09","0.00","1.13","Analyze"
"CMG","Chipotle Mexican Grill Inc","Common stocks","Large cap","Consumer Discretionary","$44,162,371,838","0.00%","64.82","5.85","18.42","Analyze"
"KMB","Kimberly Clark Corp","Common stocks","Large cap","Consumer Staples","$44,152,862,428","3.44%","24.45","2.27","60.19","Analyze"
"MSCI","MSCI Inc","Common stocks","Large cap","Financials","$44,092,871,879","0.67%","59.50","21.58","-264,222,305.49","Analyze"
"MNST","Monster Beverage Corp","Common stocks","Large cap","Consumer Staples","$44,034,957,150","0.00%","28.45","8.29","6.96","Analyze"
"SYY","Sysco Corp","Common stocks","Large cap","Consumer Staples","$43,868,003,271","2.15%","54.99","0.72","35.38","Analyze"
"HLT","Hilton Worldwide Holdings Inc","Common stocks","Large cap","Consumer Discretionary","$43,575,347,764","0.00%","162.19","0.00","-51.96","Analyze"
"LHX","L3Harris Technologies, Inc.","Common stocks","Large cap","Industrials","$43,487,488,440","1.83%","23.49","2.44","2.24","Analyze"
"PAYX","Paychex Inc","Common stocks","Large cap","Information Technology","$43,298,053,940","2.18%","32.81","10.00","13.46","Analyze"
"SRE","Sempra Energy","Common stocks","Large cap","Utilities","$43,182,770,201","4.03%","40.63","3.54","1.76","Analyze"
"IDXX","Idexx Laboratories Inc","Common stocks","Large cap","Health Care","$43,076,000,800","0.00%","56.16","13.40","60.63","Analyze"
"ADM","Archer-Daniels-Midland Company","Common stocks","Large cap","Consumer Staples","$43,021,032,894","1.95%","15.83","0.50","1.90","Analyze"
"AEP","American Electric Power Inc","Common stocks","Large cap","Utilities","$43,016,889,733","3.51%","18.06","2.63","1.93","Analyze"
"AFL","Aflac Inc","Common stocks","Large cap","Financials","$42,681,800,690","2.14%","9.67","1.94","1.26","Analyze"
"BAX","Baxter International Inc","Common stocks","Large cap","Health Care","$42,624,032,632","1.27%","34.15","3.42","4.73","Analyze"
"TRV","Travelers Companies Inc","Common stocks","Large cap","Financials","$42,379,916,509","2.01%","11.53","1.22","1.45","Analyze"
"DD","DuPont de Nemours, Inc.","Common stocks","Large cap","Materials","$42,119,962,586","1.45%","6.32","2.53","1.51","Analyze"
"HSY","Hershey Foods","Common stocks","Large cap","Consumer Staples","$41,992,440,358","1.67%","19.88","4.68","10.65","Analyze"
"MCHP","Microchip Technology Inc","Common stocks","Large cap","Information Technology","$41,977,300,040","0.72%","41.06","6.51","6.82","Analyze"
"GPN","Global Payments Inc","Common stocks","Large cap","Information Technology","$41,865,887,934","0.62%","41.42","4.91","1.55","Analyze"
"ALGN","Align Technology Inc","Common stocks","Large cap","Health Care","$41,506,678,460","0.00%","51.25","10.50","10.92","Analyze"
"STZ","Constellation Brands Class A","Common stocks","Large cap","Consumer Staples","$41,418,168,164","1.37%","44.83","4.78","3.20","Analyze"
"MCK","Mckesson Corp","Common stocks","Large cap","Health Care","$41,317,388,620","0.64%","29.00","0.16","-32.14","Analyze"
"EXC","Exelon Corp","Common stocks","Large cap","Utilities","$41,068,971,720","2.57%","24.39","1.18","1.21","Analyze"
"HPQ","HP Inc","Common stocks","Large cap","Information Technology","$41,024,357,761","2.18%","6.06","0.65","-23.90","Analyze"
"WBA","Walgreen Boots Alliance Inc","Common stocks","Large cap","Consumer Staples","$40,921,252,260","3.89%","6.28","0.30","1.54","Analyze"
"ANET","Arista Networks Inc","Common stocks","Large cap","Information Technology","$40,760,605,590","0.00%","47.30","13.83","10.00","Analyze"
"A","Agilent Technologies Inc","Common stocks","Large cap","Health Care","$40,594,479,767","0.58%","32.33","6.42","7.26","Analyze"
"CDNS","Cadence Design Systems Inc","Common stocks","Large cap","Information technology","$40,421,014,850","0.00%","55.27","13.59","14.56","Analyze"
"GIS","General Mills Inc","Common stocks","Large cap","Consumer Staples","$40,270,079,292","3.03%","18.28","2.16","4.17","Analyze"
"DXCM","Dexcom Inc","Common stocks","Large cap","Health Care","$40,149,258,191","0.00%","242.98","16.40","16.70","Analyze"
"PH","Parker-Hannifin Corp","Common stocks","Large cap","Industrials","$39,857,616,396","1.32%","21.44","2.61","4.45","Analyze"
"AZO","Autozone Inc","Common stocks","Large cap","Consumer Discretionary","$39,772,179,258","0.00%","17.11","2.63","-18.38","Analyze"
"APTV","Aptiv Plc","Common stocks","Large cap","Consumer Discretionary","$39,565,398,116","0.00%","73.47","2.53","4.64","Analyze"
"CARR","Carrier Global Corporation","Common stocks","Large cap","Industrials","$39,559,602,146","1.12%","23.22","1.92","5.45","Analyze"
"CTAS","Cintas Corp","Common stocks","Large cap","Industrials","$39,270,041,296","0.95%","33.43","5.28","10.79","Analyze"
"KMI","Kinder Morgan Inc","Common stocks","Large cap","Energy","$38,842,010,461","6.16%","21.30","2.34","1.23","Analyze"
"PSX","Phillips 66","Common stocks","Large cap","Energy","$38,684,254,106","4.03%","29.06","0.35","2.10","Analyze"
"SIVB","SVB Financial Group","Common stocks","Large cap","Financials","$38,389,770,603","0.00%","20.58","7.17","2.19","Analyze"
"DLR","Digital Realty Trust, Inc","REITs","Large cap","Real Estate","$38,197,791,578","3.41%","58.52","8.72","2.26","Analyze"
"EA","Electronic Arts Inc","Common stocks","Large cap","Communication Services","$37,484,116,102","0.51%","57.30","5.76","4.81","Analyze"
"EBAY","Ebay Inc","Common stocks","Large cap","Consumer Discretionary","$37,475,717,158","1.24%","2.90","3.39","3.31","Analyze"
"CTVA","Corteva, Inc.","Common stocks","Large cap","Materials","$37,412,500,660","1.04%","21.19","2.39","1.47","Analyze"
"MSI","Motorola Solutions Inc","Common stocks","Large cap","Information Technology","$37,326,344,848","1.32%","29.29","4.57","-911.67","Analyze"
"RSG","Republic Services Inc","Common stocks","Large cap","Industrials","$37,196,505,075","1.50%","28.62","3.29","4.11","Analyze"
"DFS","Discover Financial Services","Common stocks","Large cap","Financials","$37,167,867,122","1.52%","6.74","3.08","2.69","Analyze"
"TDG","Transdigm Group Inc","Common stocks","Large cap","Industrials","$37,047,006,246","0.00%","46.01","7.58","-13.86","Analyze"
"OXY","Occidental Petroleum Corp","Common stocks","Large cap","Energy","$37,032,345,897","0.10%","-33.03","1.67","1.97","Analyze"
"STT","State Street Corp","Common stocks","Large cap","Financials","$36,665,293,468","2.15%","13.31","3.35","1.25","Analyze"
"WELL","Welltower Inc","REITs","Large cap","Real Estate","$36,515,180,154","2.88%","128.86","0.00","1.92","Analyze"
"WMB","Williams Inc","Common stocks","Large cap","Energy","$36,463,044,268","5.34%","35.79","3.70","3.22","Analyze"
"DVN","Devon Energy Corp","Common stocks","Large cap","Energy","$36,456,450,000","2.15%","13.31","4.76","3,979.60","Analyze"
"LVS","Las Vegas Sands Corp","Common stocks","Large cap","Consumer Discretionary","$36,373,552,093","0.00%","-37.41","8.59","15,993.49","Analyze"
"VLO","Valero Energy Corp","Common stocks","Large cap","Energy","$35,993,887,545","4.37%","38.35","0.32","2.04","Analyze"
"YUM","Yum Brands Inc","Common stocks","Large cap","Consumer Discretionary","$35,990,882,386","1.21%","22.98","5.47","-4.32","Analyze"
"PPG","PPG Industries Inc","Common stocks","Large cap","Materials","$35,914,001,042","1.48%","24.59","2.14","5,519,356.91","Analyze"
"GLW","Corning Inc","Common stocks","Large cap","Information Technology","$35,855,560,220","2.24%","32.42","2.55","2.84","Analyze"
"TT","Trane Technologies plc","Common stocks","Large cap","Industrials","$35,644,918,829","1.54%","24.85","2.52","5.64","Analyze"
"XEL","Xcel Energy Inc","Common stocks","Large cap","Utilities","$35,520,267,086","2.76%","22.30","2.64","2.35","Analyze"
"ALL","Allstate Corp","Common stocks","Large cap","Financials","$35,398,757,543","2.60%","23.68","0.70","1.40","Analyze"
"NUE","Nucor Corp","Common stocks","Large cap","Materials","$35,056,089,885","1.39%","5.06","0.96","2.37","Analyze"
"IFF","International Flavors & Fragrances","Common stocks","Large cap","Materials","$34,995,120,735","2.26%","127.93","3.00","1.64","Analyze"
"AMP","Ameriprise Finance Inc","Common stocks","Large cap","Financials","$34,921,930,784","1.44%","12.14","2.59","5.89","Analyze"
"RMD","Resmed Inc","Common stocks","Large cap","Health Care","$34,740,869,347","0.69%","65.62","10.09","10.89","Analyze"
"TSN","Tyson Foods Inc Class A","Common stocks","Large cap","Consumer Staples","$34,392,645,200","1.88%","7.37","0.69","1.48","Analyze"
"LYB","Lyondellbasell Industries NV","Common stocks","Large cap","Materials","$34,326,663,824","4.27%","5.86","0.83","2.85","Analyze"
"ODFL","Old Dominion Freight Line Inc","Common stocks","Large cap","Industrials","$34,189,371,100","0.27%","32.22","6.50","9.06","Analyze"
"CBRE","CBRE Group Inc","Common stocks","Large cap","Real Estate","$34,018,785,279","0.00%","22.90","1.30","4.19","Analyze"
"FITB","Fifth Third Bancorp","Common stocks","Large cap","Financials","$33,852,823,230","2.28%","12.41","4.49","1.48","Analyze"
"ROST","Ross Stores Inc","Common stocks","Large cap","Consumer Discretionary","$33,813,655,640","1.19%","25.64","0.00","8.14","Analyze"
"AVB","AvalonBay Communities, Inc","REITs","Large cap","Real Estate","$33,519,654,960","2.62%","32.86","14.61","3.02","Analyze"
"OTIS","Otis Worldwide Corporation","Common stocks","Large cap","Industrials","$33,414,790,052","0.91%","26.00","2.34","-8.94","Analyze"
"MTD","Mettler Toledo Inc","Common stocks","Large cap","Health Care","$33,346,370,253","0.00%","42.03","8.97","188.53","Analyze"
"SBAC","SBA Communications Corporation","REITs","Large cap","Real Estate","$33,285,625,321","0.76%","110.10","14.80","-6.54","Analyze"
"MTCH","Match Group Inc","Common stocks","Large cap","Communication Services","$33,214,399,657","0.00%","114.04","11.13","-161.72","Analyze"
"PCAR","Paccar Inc","Common stocks","Large cap","Industrials","$32,974,902,139","1.41%","17.45","1.43","2.84","Analyze"
"TROW","T Rowe Price Group Inc","Common stocks","Large cap","Financials","$32,847,408,926","2.91%","10.60","4.28","3.57","Analyze"
"KR","Kroger","Common stocks","Large cap","Consumer Staples","$32,770,340,487","1.80%","30.54","0.22","3.50","Analyze"
"PEG","Public Service Enterprise Group Inc","Common stocks","Large cap","Utilities","$32,756,338,495","3.12%","-49.44","3.61","2.33","Analyze"
"AJG","Arthur J Gallagher","Common stocks","Large cap","Financials","$32,378,896,380","1.22%","35.09","3.95","3.74","Analyze"
"EQR","Equity Residential","REITs","Large cap","Real Estate","$32,337,648,823","2.77%","23.95","15.84","2.85","Analyze"
"EXPE","Expedia Inc","Common stocks","Large cap","Consumer Discretionary","$32,119,367,489","0.00%","-116.90","3.74","8.85","Analyze"
"ROK","Rockwell Automation Inc","Common stocks","Large cap","Industrials","$31,722,703,813","1.60%","30.78","4.35","12.36","Analyze"
"CMI","Cummins Inc","Common stocks","Large cap","Industrials","$31,598,795,427","2.49%","14.62","1.32","3.68","Analyze"
"BIIB","Biogen Inc","Common stocks","Large cap","Health Care","$31,530,867,238","0.00%","19.89","2.87","2.84","Analyze"
"VRSK","Verisk Analytics Inc","Common stocks","Large cap","Industrials","$31,276,588,046","0.60%","43.78","10.62","11.30","Analyze"
"KEYS","Keysight Technologies Inc","Common stocks","Large cap","Information Technology","$31,141,016,782","0.00%","41.96","0.00","7.95","Analyze"
"BF.B","Brown Forman Inc Class B","Common stocks","Large cap","Consumer Staples","$31,086,598,587","1.07%","26.65","8.58","6.99","Analyze"
"DLTR","Dollar Tree Inc","Common stocks","Large cap","Consumer Discretionary","$30,764,990,629","0.00%","20.79","1.18","4.22","Analyze"
"BKR","Baker Hughes Company Class A","Common stocks","Large cap","Energy","$30,756,980,400","0.61%","-128.70","1.50","1.68","Analyze"
"AME","Ametek Inc","Common stocks","Large cap","Industrials","$30,488,656,879","0.61%","29.98","5.50","4.32","Analyze"
"WY","Weyerhaeuser Company","REITs","Large cap","Real Estate","$30,268,908,450","1.60%","11.25","2.97","2.73","Analyze"
"DHI","D R Horton Inc","Common stocks","Large cap","Consumer Discretionary","$30,226,751,475","0.99%","6.48","1.05","1.87","Analyze"
"HAL","Halliburton","Common stocks","Large cap","Energy","$30,165,045,826","0.53%","20.33","1.97","4.41","Analyze"
"FRC","First Republic Bank","Common stocks","Large cap","Financials","$30,158,436,780","0.50%","24.86","8.34","1.58","Analyze"
"FAST","Fastenal","Common stocks","Large cap","Industrials","$30,124,290,768","2.18%","31.91","5.01","9.70","Analyze"
"CPRT","Copart Inc","Common stocks","Large cap","Industrials","$30,092,100,047","0.00%","36.86","0.00","7.24","Analyze"
"ARE","Alexandria Real Estate Equities, Inc","REITs","Large cap","Real Estate","$29,923,797,797","2.38%","53.06","14.15","1.84","Analyze"
"ABC","AmerisourceBergen Corp","Common stocks","Large cap","Health Care","$29,850,185,241","1.25%","18.41","0.14","123.04","Analyze"
"BLL","Ball Corp","Common stocks","Large cap","Materials","$29,811,220,511","0.76%","33.54","2.16","7.99","Analyze"
"NDAQ","Nasdaq Inc","Common stocks","Large cap","Financials","$29,206,995,393","1.20%","24.23","4.96","4.49","Analyze"
"HES","Hess Corp","Common stocks","Large cap","Energy","$29,194,857,028","1.06%","52.19","3.91","4.63","Analyze"
"TWTR","Twitter Inc","Common stocks","Large cap","Communication Services","$28,977,861,653","0.00%","-127.95","5.71","3.88","Analyze"
"ALB","Albemarle Corp","Common stocks","Large cap","Materials","$28,776,174,228","0.63%","180.76","0.00","3.97","Analyze"
"ED","Consolidated Edison Inc","Common stocks","Large cap","Utilities","$28,652,196,993","3.79%","24.71","2.17","1.44","Analyze"
"DAL","Delta Air Lines Inc","Common stocks","Large cap","Industrials","$28,419,280,642","0.00%","99.34","0.95","7.13","Analyze"
"ANSS","Ansys Inc","Common stocks","Large cap","Information Technology","$28,235,054,620","0.00%","58.06","15.06","6.25","Analyze"
"WTW","Willis Towers Watson Public Limited Company","Common stocks","Large cap","Financials","$28,134,810,642","1.33%","5.63","2.94","2.09","Analyze"
"WEC","WEC Energy Group Inc","Common stocks","Large cap","Utilities","$28,111,525,403","3.06%","21.68","3.38","2.58","Analyze"
"WST","West Pharmaceutical Services Inc","Common stocks","Large cap","Health Care","$28,099,917,494","0.18%","46.63","10.48","13.03","Analyze"
"ES","Eversource Energy","Common stocks","Large cap","Utilities","$28,071,744,550","2.92%","23.86","2.92","1.96","Analyze"
"LUV","Southwest Airlines","Common stocks","Large cap","Industrials","$28,068,841,990","0.00%","28.07","1.78","2.64","Analyze"
"OKE","Oneok Inc","Common stocks","Large cap","Energy","$27,937,934,443","5.83%","19.56","2.04","4.78","Analyze"
"O","Realty Income Corporation","REITs","Large cap","Real Estate","$27,260,116,897","4.16%","57.32","15.00","2.03","Analyze"
"SWK","Stanley Black & Decker Inc","Common stocks","Large cap","Industrials","$27,254,261,883","1.77%","15.84","1.62","2.29","Analyze"
"EFX","Equifax Inc","Common stocks","Large cap","Industrials","$27,051,396,808","0.70%","34.75","5.49","7.22","Analyze"
"LYV","Live Nation Entertainment Inc","Common stocks","Large cap","Communication Services","$27,015,364,639","0.00%","-29.19","7.10","-64.64","Analyze"
"LEN","Lennar Corporation Class A","Common stocks","Large cap","Consumer Discretionary","$26,950,457,282","1.22%","5.27","0.99","1.12","Analyze"
"CERN","Cerner Corp","Common stocks","Large cap","Health Care","$26,928,195,730","1.01%","77.51","4.72","7.00","Analyze"
"AWK","American Water Works Inc","Common stocks","Large cap","Utilities","$26,557,157,155","1.64%","43.49","0.00","3.68","Analyze"
"MKC","McCormick & Co  Non-voting","Common stocks","Large cap","Consumer Staples","$26,243,663,877","1.40%","32.38","4.15","5.54","Analyze"
"NTRS","Northern Trust Corporation","Common stocks","Large cap","Financials","$26,223,462,271","2.20%","16.46","4.67","2.05","Analyze"
"LH","Laboratory Corporation Of America","Common stocks","Large cap","Health Care","$25,802,634,000","0.00%","10.54","1.60","2.44","Analyze"
"CCL","Carnival Corp","Common stocks","Large cap","Consumer Discretionary","$25,734,007,273","0.00%","-2.33","13.49","1.82","Analyze"
"ZBH","Zimmer Biomet Holdings Inc","Common stocks","Large cap","Health Care","$25,591,230,980","0.78%","62.41","3.27","1.98","Analyze"
"HRL","Hormel Foods Corp","Common stocks","Large cap","Consumer Staples","$25,560,470,297","2.10%","28.24","2.24","3.68","Analyze"
"EPAM","Epam Systems Inc","Common stocks","Large cap","Information Technology","$25,545,922,178","0.00%","73.70","0.00","10.02","Analyze"
"EXR","Extra Space Storage Inc","REITs","Large cap","Real Estate","$25,541,200,531","2.34%","35.33","16.99","8.45","Analyze"
"VMC","Vulcan Materials","Common stocks","Large cap","Materials","$25,442,207,968","0.77%","46.51","0.00","3.79","Analyze"
"CDW","CDW Corp","Common stocks","Large cap","Information Technology","$25,173,907,233","0.91%","25.02","1.21","35.09","Analyze"
"KEY","Keycorp","Common stocks","Large cap","Financials","$24,775,460,964","2.78%","9.51","3.41","1.38","Analyze"
"IT","Gartner Inc","Common stocks","Large cap","Information Technology","$24,526,139,952","0.00%","29.69","5.18","70.44","Analyze"
"STX","Seagate Technology Plc","Common stocks","Large cap","Information Technology","$24,483,779,217","1.22%","15.05","2.11","46.27","Analyze"
"GWW","W.W. Grainger Inc","Common stocks","Large cap","Industrials","$24,461,718,316","1.36%","23.28","1.88","11.24","Analyze"
"MLM","Martin Marietta Materials Inc","Common stocks","Large cap","Materials","$24,395,062,294","0.60%","34.20","4.51","3.67","Analyze"
"TSCO","Tractor Supply","Common stocks","Large cap","Consumer Discretionary","$24,371,189,676","0.96%","24.37","1.91","12.13","Analyze"
"HIG","Hartford Financial Services Group","Common stocks","Large cap","Financials","$24,239,965,801","2.00%","10.23","1.09","1.35","Analyze"
"RF","Regions Financial Corp","Common stocks","Large cap","Financials","$24,060,853,405","2.55%","9.49","3.79","1.24","Analyze"
"MAA","Mid-America Apartment Communities, Inc","REITs","Large cap","Real Estate","$24,024,762,477","1.98%","44.57","13.51","3.84","Analyze"
"BBY","Best Buy Inc","Common stocks","Large cap","Consumer Discretionary","$23,967,082,268","2.78%","21.69","0.00","5.55","Analyze"
"MTB","M&T Bank Corp","Common stocks","Large cap","Financials","$23,948,197,919","2.39%","13.23","4.00","1.31","Analyze"
"VFC","VF Corp","Common stocks","Large cap","Consumer Discretionary","$23,703,556,604","3.20%","16.48","2.04","6.30","Analyze"
"VRSN","Verisign Inc","Common stocks","Large cap","Information Technology","$23,576,398,041","0.00%","29.49","17.76","-18.36","Analyze"
"URI","United Rentals Inc","Common stocks","Large cap","Industrials","$23,545,808,778","0.00%","16.42","2.42","3.80","Analyze"
"CFG","Citizens Financial Group Inc","Common stocks","Large cap","Financials","$23,539,002,582","2.79%","10.26","3.54","0.97","Analyze"
"FANG","Diamondback Energy Inc","Common stocks","Large cap","Energy","$23,520,079,951","1.34%","53.28","4.24","2.05","Analyze"
"DOV","Dover Corp","Common stocks","Large cap","Industrials","$23,473,698,211","1.22%","20.43","2.97","5.48","Analyze"
"CHD","Church And Dwight Inc","Common stocks","Large cap","Consumer Staples","$23,445,567,587","1.06%","28.60","4.52","7,321.43","Analyze"
"FTV","Fortive Corp","Common stocks","Large cap","Industrials","$23,436,635,335","0.43%","39.70","4.46","2.39","Analyze"
"HBAN","Huntington Bancshares Inc","Common stocks","Large cap","Financials","$23,418,207,621","3.68%","19.91","3.91","1.19","Analyze"
"RJF","Raymond James Inc","Common stocks","Large cap","Financials","$23,415,434,430","0.99%","14.72","2.30","2.61","Analyze"
"SYF","Synchrony Financial","Common stocks","Large cap","Financials","$23,379,042,383","1.95%","5.45","1.52","1.67","Analyze"
"STE","STERIS PLC","Common stocks","Large cap","Health Care","$23,328,637,260","0.71%","80.93","5.49","3.43","Analyze"
"FOX","Fox Corporation Class B","Common stocks","Large cap","Communication Services","$23,197,346,459","1.20%","6.65","1.71","0.85","Analyze"
"FOXA","Fox Corporation Class A","Common stocks","Large cap","Communication Services","$23,197,346,459","1.09%","9.44","1.71","1.20","Analyze"
"GRMN","Garmin Ltd","Common stocks","Large cap","Consumer Discretionary","$22,999,793,840","0.56%","27.38","0.00","3.56","Analyze"
"SWKS","Skyworks Solutions Inc","Common stocks","Large cap","Information Technology","$22,993,608,393","1.15%","16.11","4.68","4.22","Analyze"
"PKI","Perkinelmer Inc","Common stocks","Large cap","Health Care","$22,958,338,929","0.15%","24.07","4.53","3.15","Analyze"
"ZBRA","Zebra Technologies Corp","Common stocks","Large cap","Information Technology","$22,875,775,548","0.00%","26.86","4.07","7.53","Analyze"
"HPE","Hewlett Packard Enterprise","Common stocks","Large cap","Information Technology","$22,816,279,959","3.36%","6.51","0.82","1.12","Analyze"
"EIX","Edison International","Common stocks","Large cap","Utilities","$22,751,911,556","4.41%","36.31","1.54","1.54","Analyze"
"DTE","DTE Energy","Common stocks","Large cap","Utilities","$22,569,458,843","3.02%","25.35","1.51","2.64","Analyze"
"MPWR","Monolithic Power Systems Inc","Common stocks","Large cap","Information Technology","$22,473,564,010","0.49%","87.96","18.61","17.11","Analyze"
"IR","Ingersoll Rand Plc","Common stocks","Large cap","Industrials","$22,384,547,605","0.04%","25.06","2.97","3.47","Analyze"
"FE","Firstenergy Corp","Common stocks","Large cap","Utilities","$22,364,757,949","3.74%","17.45","2.01","2.58","Analyze"
"RCL","Royal Caribbean Cruises Ltd","Common stocks","Large cap","Consumer Discretionary","$22,182,004,080","0.00%","-4.12","14.48","4.27","Analyze"
"K","Kellogg","Common stocks","Large cap","Consumer Staples","$21,941,018,689","3.54%","14.86","1.55","5.25","Analyze"
"PPL","PPL Corporation","Common stocks","Large cap","Utilities","$21,725,972,440","5.76%","-16.36","3.49","1.49","Analyze"
"AEE","Ameren Corp","Common stocks","Large cap","Utilities","$21,721,220,774","2.59%","25.12","0.00","2.21","Analyze"
"COO","Cooper Companies, Inc.","Common stocks","Large cap","Health Care","$21,405,049,374","0.01%","6.53","7.32","2.77","Analyze"
"SBNY","Signature Bank","Common stocks","Large cap","Financials","$21,212,916,888","0.64%","25.99","11.46","2.67","Analyze"
"MGM","MGM Resorts International","Common stocks","Large cap","Consumer Discretionary","$21,182,916,108","0.02%","16.83","2.19","3.37","Analyze"
"VTR","Ventas, Inc","REITs","Large cap","Real Estate","$20,924,800,259","3.39%","230.68","0.00","1.89","Analyze"
"ETR","Entergy Corp","Common stocks","Large cap","Utilities","$20,894,015,740","3.72%","16.91","1.83","1.87","Analyze"
"ESS","Essex Property Trust, Inc","REITs","Large cap","Real Estate","$20,774,733,899","2.59%","41.91","14.42","3.32","Analyze"
"PAYC","Paycom Software Inc","Common stocks","Large cap","Information Technology","$20,677,694,129","0.00%","100.39","19.59","22.01","Analyze"
"ULTA","Ulta Beauty Inc","Common stocks","Large cap","Consumer Discretionary","$20,652,258,017","0.00%","23.02","2.55","10.05","Analyze"
"CINF","Cincinnati Financial Corp","Common stocks","Large cap","Financials","$20,648,607,484","1.95%","6.91","2.14","1.55","Analyze"
"ENPH","Enphase Energy Inc","Common stocks","Large cap","Information Technology","$20,630,096,463","0.00%","136.63","14.93","46.20","Analyze"
"DRE","Duke Realty Corporation","REITs","Large cap","Real Estate","$20,516,405,661","1.97%","23.69","18.55","3.34","Analyze"
"NTAP","NetApp Inc","Common stocks","Large cap","Information Technology","$20,349,527,189","2.15%","21.49","3.36","26.67","Analyze"
"JBHT","JB Hunt Transport Services Inc","Common stocks","Large cap","Industrials","$20,057,653,563","0.68%","25.93","1.65","6.33","Analyze"
"GNRC","Generac Holdings Inc","Common stocks","Large cap","Industrials","$19,964,191,056","0.00%","46.87","0.00","8.63","Analyze"
"TDY","Teledyne Technologies Inc","Common stocks","Large cap","Information Technology","$19,897,032,909","0.00%","44.00","4.31","2.57","Analyze"
"FLT","Fleetcor Technologies Inc","Common stocks","Large cap","Information Technology","$19,836,005,261","0.00%","22.77","7.00","6.67","Analyze"
"PFG","Principal Financial Group Inc","Common stocks","Large cap","Financials","$19,761,862,266","3.18%","11.12","1.39","1.18","Analyze"
"WAT","Waters Corp","Common stocks","Large cap","Health Care","$19,504,750,122","0.00%","27.75","7.00","52.31","Analyze"
"TER","Teradyne Inc","Common stocks","Large cap","Information Technology","$19,397,516,460","0.34%","18.52","5.24","7.36","Analyze"
"VIAC","ViacomCBS Inc. - Class B","Common stocks","Large cap","Communication Services","$19,258,916,864","2.67%","0.00","0.67","0.00","Analyze"
"TYL","Tyler Technologies Inc","Common stocks","Large cap","Information Technology","$19,248,220,784","0.00%","164.64","0.00","7.56","Analyze"
"TTWO","Take Two Interactive Software Inc","Common stocks","Large cap","Communication Services","$19,169,470,347","0.00%","35.58","5.61","5.10","Analyze"
"BXP","Boston Properties, Inc","REITs","Large cap","Real Estate","$19,147,847,196","3.16%","38.42","6.63","15.48","Analyze"
"DRI","Darden Restaurants Inc","Common stocks","Large cap","Consumer Discretionary","$19,012,946,558","2.78%","19.80","2.21","7.17","Analyze"
"BRO","Brown & Brown Inc","Common stocks","Large cap","Financials","$18,812,451,746","0.58%","31.57","6.17","4.42","Analyze"
"CTRA","Coterra Energy Inc.","Common stocks","Large cap","Energy","$18,606,520,604","1.51%","52.86","11.07","7.97","Analyze"
"GPC","Genuine Parts","Common stocks","Large cap","Consumer Discretionary","$18,509,130,370","2.48%","22.33","1.01","5.71","Analyze"
"BIO","Bio Rad Laboratories Inc Class A","Common stocks","Large cap","Health Care","$18,472,336,461","0.00%","3.44","6.32","1.07","Analyze"
"POOL","Pool Corp","Common stocks","Large cap","Consumer Discretionary","$18,447,682,495","0.65%","32.92","0.00","16.68","Analyze"
"VTRS","Viatris Inc.","Common stocks","Large cap","Health Care","$18,443,249,594","2.15%","-9.34","1.13","0.85","Analyze"
"OMC","Omnicom Group Inc","Common stocks","Large cap","Communication Services","$18,352,302,789","3.20%","13.25","1.28","4.76","Analyze"
"CZR","Caesars Entertainment Corp","Common stocks","Large cap","Consumer Discretionary","$18,260,579,522","0.00%","-15.36","2.18","3.58","Analyze"
"EXPD","Expeditors International Of Washington","Common stocks","Large cap","Industrials","$18,190,582,406","1.08%","15.47","1.26","5.26","Analyze"
"CMS","CMS Energy Corp","Common stocks","Large cap","Utilities","$17,941,955,609","2.82%","13.41","2.42","1.95","Analyze"
"CTLT","Catalent Inc","Common stocks","Large cap","Health Care","$17,897,880,008","0.00%","31.27","3.99","3.92","Analyze"
"IP","International Paper","Common stocks","Large cap","Materials","$17,855,736,565","3.05%","10.19","0.82","1.97","Analyze"
"WAB","Westinghouse Air Brake Technologies","Common stocks","Large cap","Industrials","$17,843,274,952","0.38%","48.85","0.00","1.75","Analyze"
"AMCR","Amcor plc","Common stocks","Large cap","Materials","$17,816,569,356","3.97%","18.79","1.31","4.00","Analyze"
"NVR","NVR, Inc.","Common stocks","Large cap","Consumer Discretionary","$17,807,320,238","0.00%","14.08","1.99","5.80","Analyze"
"ETSY","Etsy Inc","Common stocks","Large cap","Consumer Discretionary","$17,801,284,405","0.00%","34.87","7.99","31.40","Analyze"
"HOLX","Hologic Inc","Common stocks","Large cap","Health Care","$17,758,871,601","0.00%","10.18","3.23","3.87","Analyze"
"KMX","Carmax Inc","Common stocks","Large cap","Consumer Discretionary","$17,716,879,716","0.00%","14.46","0.60","3.40","Analyze"
"WDC","Western Digital Corp","Common stocks","Large cap","Information Technology","$17,645,428,370","0.00%","8.86","0.93","1.47","Analyze"
"MOS","Mosaic","Common stocks","Large cap","Materials","$17,541,807,138","0.59%","9.72","1.60","1.67","Analyze"
"UDR","UDR, Inc","REITs","Large cap","Real Estate","$17,526,834,055","2.61%","118.39","13.58","4.97","Analyze"
"CLX","Clorox","Common stocks","Large cap","Consumer Staples","$17,358,051,580","3.22%","72.63","2.45","57.31","Analyze"
"PEAK","Healthpeak Properties, Inc.","REITs","Large cap","Real Estate","$17,268,518,147","4.60%","34.21","9.11","2.43","Analyze"
"TRMB","Trimble Inc","Common stocks","Large cap","Information Technology","$17,216,665,402","0.00%","34.67","4.71","4.33","Analyze"
"BR","Broadridge Financial Solutions Inc","Common stocks","Large cap","Information Technology","$17,045,292,481","1.66%","30.80","3.17","9.51","Analyze"
"AKAM","Akamai Technologies Inc","Common stocks","Large cap","Information Technology","$17,037,643,992","0.00%","27.67","5.01","3.65","Analyze"
"CAG","Conagra Brands Inc","Common stocks","Large cap","Consumer Staples","$16,995,690,609","3.40%","15.62","1.51","1.98","Analyze"
"CNP","Centerpoint Energy Inc","Common stocks","Large cap","Utilities","$16,903,910,930","2.43%","18.71","2.09","1.90","Analyze"
"CE","Celanese Corporation","Common stocks","Large cap","Materials","$16,862,271,740","1.30%","8.74","1.98","3.64","Analyze"
"NLOK","NortonLifeLock Inc.","Common stocks","Large cap","Information Technology","$16,780,880,094","1.72%","23.17","0.00","-167.37","Analyze"
"EMN","Eastman Chemical","Common stocks","Large cap","Materials","$16,706,893,471","2.26%","19.11","1.59","2.68","Analyze"
"DISH","Dish Network Corp Class A","Common stocks","Large cap","Communication Services","$16,616,118,617","0.00%","3.35","0.92","0.58","Analyze"
"MRO","Marathon Oil Corp","Common stocks","Large cap","Energy","$16,403,772,420","1.04%","-415.67","3.50","1.58","Analyze"
"XYL","Xylem Inc","Common stocks","Large cap","Industrials","$16,350,092,412","1.25%","37.93","3.15","5.02","Analyze"
"UAL","United Continental Holdings Inc","Common stocks","Large cap","Industrials","$16,248,601,751","0.00%","-7.97","0.66","3.11","Analyze"
"LKQ","LKQ Corp","Common stocks","Large cap","Consumer Discretionary","$16,206,909,775","0.45%","16.25","0.00","2.40","Analyze"
"TECH","Bio-Techne Corp","Common stocks","Large cap","Health Care","$16,187,939,296","0.31%","74.28","15.72","9.19","Analyze"
"DGX","Quest Diagnostics Inc","Common stocks","Large cap","Health Care","$16,158,720,836","1.88%","7.96","1.50","2.44","Analyze"
"WRB","WR Berkley Corp","Common stocks","Large cap","Financials","$16,065,447,927","0.55%","15.51","1.69","2.38","Analyze"
"CF","CF Industries Holdings Inc","Common stocks","Large cap","Materials","$15,961,262,245","1.60%","17.82","2.44","5.10","Analyze"
"TXT","Textron Inc","Common stocks","Large cap","Industrials","$15,914,700,667","0.11%","20.72","1.74","2.27","Analyze"
"DPZ","Dominos Pizza Inc","Common stocks","Large cap","Consumer Discretionary","$15,767,845,945","0.87%","30.92","3.61","-3.80","Analyze"
"BEN","Franklin Resources Inc","Common stocks","Large cap","Financials","$15,756,663,233","3.55%","7.88","1.82","1.31","Analyze"
"J","Jacobs Engineering Group Inc.","Common stocks","Large cap","Industrials","$15,720,503,114","0.69%","52.13","1.12","2.54","Analyze"
"FDS","Factset Research Systems Inc","Common stocks","Large cap","Financials","$15,584,524,599","0.78%","37.76","9.57","13.95","Analyze"
"ROL","Rollins Inc","Common stocks","Large cap","Industrials","$15,422,370,360","1.14%","43.76","8.35","14.18","Analyze"
"CRL","Charles River Laboratories International","Common stocks","Large cap","Health Care","$15,405,771,727","0.00%","58.08","0.00","5.80","Analyze"
"L","Loews Corp","Common stocks","Large cap","Financials","$15,403,443,613","0.40%","9.59","1.32","0.79","Analyze"
"CEG","Constellation Energy Corporation","Common stocks","Large cap","Utilities","$15,402,474,628","1.17%","810.66","0.83","1.32","Analyze"
"TFX","Teleflex Inc","Common stocks","Large cap","Health Care","$15,318,298,650","0.42%","34.37","5.55","4.07","Analyze"
"AVY","Avery Dennison Corp","Common stocks","Large cap","Materials","$15,289,860,313","1.43%","20.44","1.82","7.86","Analyze"
"HWM","Howmet Aerospace Inc.","Common stocks","Large cap","Industrials","$15,264,498,497","0.17%","58.38","4.13","4.26","Analyze"
"PWR","Quanta Services Inc","Common stocks","Large cap","Industrials","$15,244,572,974","0.23%","26.62","1.27","3.17","Analyze"
"FMC","FMC Corp","Common stocks","Large cap","Materials","$15,158,211,287","1.64%","20.33","3.00","4.91","Analyze"
"CAH","Cardinal Health Inc","Common stocks","Large cap","Health Care","$15,110,928,320","3.54%","27.21","0.09","15.07","Analyze"
"INCY","Incyte Corp","Common stocks","Large cap","Health Care","$15,012,487,570","0.00%","15.83","5.03","3.98","Analyze"
"KIM","Kimco Realty Corporation","REITs","Large cap","Real Estate","$14,960,708,968","2.77%","18.00","10.96","1.49","Analyze"
"DISCA","Discovery Communications Inc Series A","Common stocks","Large cap","Communication Services","$14,843,196,587","0.00%","4.08","1.25","0.44","Analyze"
"DISCK","Discovery Communications, Inc. - Series C","Common stocks","Large cap","Communication Services","$14,843,196,587","0.00%","7.93","1.25","0.85","Analyze"
"QRVO","Qorvo, Inc.","Common stocks","Large cap","Information Technology","$14,833,446,574","0.00%","12.88","3.26","3.09","Analyze"
"ABMD","Abiomed Inc","Common stocks","Large cap","Health Care","$14,811,881,804","0.00%","62.97","14.77","9.76","Analyze"
"SJM","J.M. Smucker","Common stocks","Large cap","Consumer Staples","$14,707,055,676","2.82%","19.51","1.86","1.81","Analyze"
"AES","AES Corp","Common stocks","Large cap","Utilities","$14,594,365,717","2.76%","26.46","1.34","4.11","Analyze"
"IEX","IDEX Corp","Common stocks","Large cap","Industrials","$14,444,463,420","1.13%","31.92","5.23","5.12","Analyze"
"IPG","Interpublic Group Of Companies Inc","Common stocks","Large cap","Communication Services","$14,411,442,516","2.92%","14.93","1.41","4.48","Analyze"
"ATO","Atmos Energy Corp","Common stocks","Large cap","Utilities","$14,275,916,319","2.40%","20.72","4.12","1.74","Analyze"
"MKTX","Marketaxess Holdings Inc","Common stocks","Large cap","Financials","$14,251,565,299","0.71%","55.28","20.39","13.69","Analyze"
"BBWI","Bath & Body Works, Inc.","Common stocks","Large cap","Consumer Discretionary","$14,239,191,883","1.03%","8.41","1.11","-8.02","Analyze"
"PKG","Packaging Corp Of America","Common stocks","Large cap","Materials","$14,105,178,843","2.67%","16.90","1.82","3.91","Analyze"
"LNT","Alliant Energy Corp","Common stocks","Large cap","Utilities","$14,097,025,028","2.87%","22.33","3.96","2.37","Analyze"
"MAS","Masco Corp","Common stocks","Large cap","Industrials","$14,078,872,761","1.20%","33.79","1.68","247.42","Analyze"
"EVRG","Evergy Inc","Common stocks","Large cap","Utilities","$14,035,618,267","3.51%","15.96","2.52","1.50","Analyze"
"NWS","News Corp Class B","Common stocks","Large cap","Communication Services","$14,011,550,209","0.83%","9.23","1.39","0.55","Analyze"
"NWSA","News Corp Class A","Common stocks","Large cap","Communication Services","$14,011,550,209","0.84%","17.94","1.39","1.06","Analyze"
"SEDG","SolarEdge Technologies Inc","Common stocks","Large cap","Information Technology","$14,008,006,108","0.00%","94.78","7.91","11.13","Analyze"
"AAP","Advance Auto Parts Inc","Common stocks","Large cap","Consumer Discretionary","$13,867,167,813","1.45%","22.31","1.26","4.39","Analyze"
"HST","Host Hotels & Resorts, Inc","REITs","Large cap","Real Estate","$13,788,021,991","0.00%","-76.99","0.00","2.14","Analyze"
"RHI","Robert Half","Common stocks","Large cap","Industrials","$13,779,298,646","1.21%","22.40","2.13","9.71","Analyze"
"PTC","PTC Inc","Common stocks","Large cap","Information Technology","$13,514,010,125","0.00%","25.85","7.36","6.61","Analyze"
"HAS","Hasbro Inc","Common stocks","Large cap","Consumer Discretionary","$13,386,367,758","2.77%","31.88","2.09","4.46","Analyze"
"LNC","Lincoln National Corp","Common stocks","Large cap","Financials","$13,283,895,581","2.30%","9.04","0.69","0.63","Analyze"
"CMA","Comerica Inc","Common stocks","Large cap","Financials","$13,179,129,245","2.67%","11.14","4.88","1.61","Analyze"
"CPB","Campbell Soup","Common stocks","Large cap","Consumer Staples","$13,176,893,132","3.35%","13.98","1.57","4.12","Analyze"
"CBOE","Cboe Global Markets, Inc.","Common stocks","Large cap","Financials","$12,927,261,672","1.48%","23.96","3.70","3.51","Analyze"
"IRM","Iron Mountain Incorporated","REITs","Large cap","Real Estate","$12,743,073,407","5.51%","19.84","2.90","12.95","Analyze"
"CTXS","Citrix Systems Inc","Common stocks","Large cap","Information Technology","$12,715,496,800","1.44%","41.24","3.95","23.17","Analyze"
"LDOS","Leidos Holdings Inc","Common stocks","Large cap","Industrials","$12,465,643,879","1.57%","22.28","0.00","2.97","Analyze"
"WRK","Westrock","Common stocks","Large cap","Materials","$12,413,190,727","2.06%","14.10","0.64","1.05","Analyze"
"FFIV","F5 Networks Inc","Common stocks","Large cap","Information Technology","$12,394,838,352","0.00%","36.15","4.65","5.07","Analyze"
"XRAY","Dentsply Sirona Inc","Common stocks","Large cap","Health Care","$12,379,715,882","0.76%","29.09","2.92","2.37","Analyze"
"FBHS","Fortune Brands Home And Security","Common stocks","Large cap","Industrials","$12,366,756,264","1.14%","15.71","1.62","3.96","Analyze"
"JKHY","Jack Henry & Associates, Inc.","Common stocks","Large cap","Information Technology","$12,346,756,095","1.08%","35.85","6.62","9.75","Analyze"
"PHM","Pultegroup Inc","Common stocks","Large cap","Consumer Discretionary","$12,253,519,210","1.15%","6.15","0.88","1.59","Analyze"
"AAL","American Airlines Group Inc","Common stocks","Large cap","Industrials","$12,186,223,304","0.00%","-5.92","0.41","-1.61","Analyze"
"WHR","Whirlpool Corp","Common stocks","Large cap","Consumer Discretionary","$12,095,595,820","2.62%","6.74","0.55","2.40","Analyze"
"RE","Everest Re Group Ltd","Common stocks","Large cap","Financials","$12,027,606,446","2.03%","11.92","1.09","1.20","Analyze"
"APA","Apache Corp","Common stocks","Large cap","Energy","$11,770,085,992","0.73%","18.39","1.70","-10.75","Analyze"
"CHRW","C.H. Robinson Worldwide, Inc.","Common stocks","Large cap","Industrials","$11,752,166,439","2.27%","13.99","0.51","5.84","Analyze"
"UHS","Universal Health Services Inc.","Common stocks","Large cap","Health Care","$11,710,983,552","0.43%","9.41","0.94","1.59","Analyze"
"AOS","A O Smith Corp","Common stocks","Large cap","Industrials","$11,676,931,840","1.48%","19.43","3.30","5.16","Analyze"
"SNA","Snap On Inc","Common stocks","Large cap","Industrials","$11,668,861,212","2.32%","14.09","2.54","2.76","Analyze"
"ZION","Zions Bancorporation","Common stocks","Large cap","Financials","$11,564,214,550","1.99%","10.13","3.97","1.49","Analyze"
"DVA","Davita Inc","Common stocks","Large cap","Health Care","$11,556,000,000","0.00%","11.55","0.99","12.07","Analyze"
"HSIC","Henry Schein Inc","Common stocks","Large cap","Health Care","$11,554,064,944","0.00%","18.25","0.93","2.84","Analyze"
"REG","Regency Centers Corporation","REITs","Large cap","Real Estate","$11,517,498,712","3.54%","20.39","11.78","1.87","Analyze"
"JNPR","Juniper Networks Inc","Common stocks","Large cap","Information Technology","$11,215,858,049","2.28%","43.91","2.37","2.57","Analyze"
"NI","Nisource Inc","Common stocks","Large cap","Utilities","$11,152,812,884","3.11%","25.03","2.37","1.73","Analyze"
"NWL","Newell Brands Inc","Common stocks","Large cap","Consumer Discretionary","$11,064,654,000","3.49%","19.28","1.04","2.70","Analyze"
"WYNN","Wynn Resorts Ltd","Common stocks","Large cap","Consumer Discretionary","$10,898,443,540","0.00%","-12.80","3.21","-203.93","Analyze"
"IVZ","Invesco Ltd","Common stocks","Large cap","Financials","$10,875,249,671","2.85%","7.41","1.58","0.62","Analyze"
"BWA","BorgWarner Inc","Common stocks","Large cap","Consumer Discretionary","$10,842,457,056","1.50%","19.92","0.73","1.54","Analyze"
"TPR","Tapestry","Common stocks","Large cap","Consumer Discretionary","$10,805,099,199","1.22%","12.58","2.47","3.59","Analyze"
"CDAY","Ceridian HCM Holding Inc.","Common stocks","Large cap","Information Technology","$10,753,600,828","0.00%","-138.47","10.50","4.69","Analyze"
"TAP","Molson Coors Brewing Class B","Common stocks","Large cap","Consumer Staples","$10,729,419,756","1.37%","-22.02","1.08","0.74","Analyze"
"GL","Globe Life Inc.","Common stocks","Large cap","Financials","$10,692,690,135","0.74%","14.18","2.09","1.23","Analyze"
"MHK","Mohawk Industries Inc","Common stocks","Large cap","Consumer Discretionary","$10,171,370,453","0.00%","9.62","0.91","1.18","Analyze"
"ALLE","Allegion PLC","Common stocks","Large cap","Industrials","$10,167,676,136","1.24%","20.93","3.55","13.27","Analyze"
"LUMN","CenturyLink, Inc.","Common stocks","Large cap","Communication Services","$10,095,596,477","9.99%","4.93","0.51","0.85","Analyze"
"PNR","Pentair","Common stocks","Mid cap","Industrials","$9,807,894,040","1.36%","17.24","2.61","3.94","Analyze"
"LW","Lamb Weston Holdings Inc","Common stocks","Mid cap","Consumer Staples","$9,747,517,668","1.41%","49.52","2.50","26.29","Analyze"
"NRG","NRG Energy Inc","Common stocks","Mid cap","Utilities","$9,570,742,868","3.35%","3.84","0.44","2.30","Analyze"
"AIZ","Assurant Inc","Common stocks","Mid cap","Financials","$9,526,505,745","1.59%","6.92","0.94","1.72","Analyze"
"RL","Ralph Lauren Corp Class A","Common stocks","Mid cap","Consumer Discretionary","$9,505,988,500","1.58%","11.69","1.59","2.15","Analyze"
"SEE","Sealed Air Corp","Common stocks","Mid cap","Materials","$9,502,772,021","1.18%","30.62","0.00","40.24","Analyze"
"FRT","Federal Realty Investment Trust","REITs","Mid cap","Real Estate","$9,411,218,924","3.62%","36.31","9.89","3.49","Analyze"
"OGN","Organon & Co.","Common stocks","Mid cap","Health Care","$9,214,008,054","1.53%","6.08","1.17","-5.70","Analyze"
"PBCT","Peoples United Financial Inc","Common stocks","Mid cap","Financials","$9,133,946,992","3.37%","15.08","4.83","1.13","Analyze"
"DXC","DXC Technology Company","Common stocks","Mid cap","Information Technology","$9,131,248,482","0.00%","-14.34","0.55","1.83","Analyze"
"VNO","Vornado Realty Trust","REITs","Mid cap","Real Estate","$8,620,234,020","4.62%","68.04","5.42","1.33","Analyze"
"PENN","Penn National Gaming Inc","Common stocks","Mid cap","Consumer Discretionary","$8,485,891,264","0.00%","19.86","1.44","2.72","Analyze"
"PNW","Pinnacle West Corp","Common stocks","Mid cap","Utilities","$7,707,767,084","4.83%","13.56","2.06","1.28","Analyze"
"ALK","Alaska Air Group Inc","Common stocks","Mid cap","Industrials","$7,593,778,412","0.00%","15.51","1.23","1.95","Analyze"
"IPGP","IPG Photonics Corp","Common stocks","Mid cap","Information Technology","$7,497,890,596","0.00%","34.50","0.00","2.68","Analyze"
"UA","Under Armour Inc Class C","Common stocks","Mid cap","Consumer Discretionary","$7,341,560,160","0.00%","10.17","1.29","1.75","Analyze"
"UAA","Under Armour Inc Class A","Common stocks","Mid cap","Consumer Discretionary","$7,341,560,160","0.00%","8.66","1.29","1.49","Analyze"
"HII","Huntington Ingalls Industries Inc","Common stocks","Mid cap","Industrials","$7,301,195,637","2.50%","13.59","1.04","2.63","Analyze"
"PVH","PVH Corp","Common stocks","Mid cap","Consumer Discretionary","$7,088,734,426","0.04%","24.46","0.00","1.33","Analyze"
"NLSN","Nielsen Holdings Plc","Common stocks","Mid cap","Industrials","$6,568,372,189","1.31%","8.12","1.54","2.06","Analyze"
"NCLH","Norwegian Cruise Line Holdings Ltd","Common stocks","Mid cap","Consumer Discretionary","$4,888,975,000","0.00%","-2.19","28.74","2.79","Analyze"